season,file_episode,title,duration_seconds,subtitle_available,path,filename,inspection_error
1,1,The Magic Xylophone,438.03,True,S:\Shows\Bluey\Bluey.S01.COMPLETE.720p.DSNP.WEBRip.x264-GalaxyTV[TGx]\Bluey.S01E01.720p.DSNP.WEBRip.x264-GalaxyTV.mkv,Bluey.S01E01.720p.DSNP.WEBRip.x264-GalaxyTV.mkv,
1,2,Hospital,438.03,True,S:\Shows\Bluey\Bluey.S01.COMPLETE.720p.DSNP.WEBRip.x264-GalaxyTV[TGx]\Bluey.S01E02.720p.DSNP.WEBRip.x264-GalaxyTV.mkv,Bluey.S01E02.720p.DSNP.WEBRip.x264-GalaxyTV.mkv,
1,3,Keepy Uppy,438.03,True,S:\Shows\Bluey\Bluey.S01.COMPLETE.720p.DSNP.WEBRip.x264-GalaxyTV[TGx]\Bluey.S01E03.720p.DSNP.WEBRip.x264-GalaxyTV.mkv,Bluey.S01E03.720p.DSNP.WEBRip.x264-GalaxyTV.mkv,
1,4,Daddy Robot,438.03,True,S:\Shows\Bluey\Bluey.S01.COMPLETE.720p.DSNP.WEBRip.x264-GalaxyTV[TGx]\Bluey.S01E04.720p.DSNP.WEBRip.x264-GalaxyTV.mkv,Bluey.S01E04.720p.DSNP.WEBRip.x264-GalaxyTV.mkv,
1,5,Shadowlands,438.03,True,S:\Shows\Bluey\Bluey.S01.COMPLETE.720p.DSNP.WEBRip.x264-GalaxyTV[TGx]\Bluey.S01E05.720p.DSNP.WEBRip.x264-GalaxyTV.mkv,Bluey.S01E05.720p.DSNP.WEBRip.x264-GalaxyTV.mkv,
1,6,The Weekend,438.03,True,S:\Shows\Bluey\Bluey.S01.COMPLETE.720p.DSNP.WEBRip.x264-GalaxyTV[TGx]\Bluey.S01E06.720p.DSNP.WEBRip.x264-GalaxyTV.mkv,Bluey.S01E06.720p.DSNP.WEBRip.x264-GalaxyTV.mkv,
1,7,BBQ,438.03,True,S:\Shows\Bluey\Bluey.S01.COMPLETE.720p.DSNP.WEBRip.x264-GalaxyTV[TGx]\Bluey.S01E07.720p.DSNP.WEBRip.x264-GalaxyTV.mkv,Bluey.S01E07.720p.DSNP.WEBRip.x264-GalaxyTV.mkv,
1,8,Fruit Bat,438.03,True,S:\Shows\Bluey\Bluey.S01.COMPLETE.720p.DSNP.WEBRip.x264-GalaxyTV[TGx]\Bluey.S01E08.720p.DSNP.WEBRip.x264-GalaxyTV.mkv,Bluey.S01E08.720p.DSNP.WEBRip.x264-GalaxyTV.mkv,
1,9,Horsey Ride,438.03,True,S:\Shows\Bluey\Bluey.S01.COMPLETE.720p.DSNP.WEBRip.x264-GalaxyTV[TGx]\Bluey.S01E09.720p.DSNP.WEBRip.x264-GalaxyTV.mkv,Bluey.S01E09.720p.DSNP.WEBRip.x264-GalaxyTV.mkv,
1,10,Hotel,438.03,True,S:\Shows\Bluey\Bluey.S01.COMPLETE.720p.DSNP.WEBRip.x264-GalaxyTV[TGx]\Bluey.S01E10.720p.DSNP.WEBRip.x264-GalaxyTV.mkv,Bluey.S01E10.720p.DSNP.WEBRip.x264-GalaxyTV.mkv,
1,11,Bike,438.03,True,S:\Shows\Bluey\Bluey.S01.COMPLETE.720p.DSNP.WEBRip.x264-GalaxyTV[TGx]\Bluey.S01E11.720p.DSNP.WEBRip.x264-GalaxyTV.mkv,Bluey.S01E11.720p.DSNP.WEBRip.x264-GalaxyTV.mkv,
1,12,Bob Bilby,438.03,True,S:\Shows\Bluey\Bluey.S01.COMPLETE.720p.DSNP.WEBRip.x264-GalaxyTV[TGx]\Bluey.S01E12.720p.DSNP.WEBRip.x264-GalaxyTV.mkv,Bluey.S01E12.720p.DSNP.WEBRip.x264-GalaxyTV.mkv,
1,13,Spy Game,438.03,True,S:\Shows\Bluey\Bluey.S01.COMPLETE.720p.DSNP.WEBRip.x264-GalaxyTV[TGx]\Bluey.S01E13.720p.DSNP.WEBRip.x264-GalaxyTV.mkv,Bluey.S01E13.720p.DSNP.WEBRip.x264-GalaxyTV.mkv,
1,14,Takeaway,438.03,True,S:\Shows\Bluey\Bluey.S01.COMPLETE.720p.DSNP.WEBRip.x264-GalaxyTV[TGx]\Bluey.S01E14.720p.DSNP.WEBRip.x264-GalaxyTV.mkv,Bluey.S01E14.720p.DSNP.WEBRip.x264-GalaxyTV.mkv,
1,15,Butterflies,438.03,True,S:\Shows\Bluey\Bluey.S01.COMPLETE.720p.DSNP.WEBRip.x264-GalaxyTV[TGx]\Bluey.S01E15.720p.DSNP.WEBRip.x264-GalaxyTV.mkv,Bluey.S01E15.720p.DSNP.WEBRip.x264-GalaxyTV.mkv,
1,16,Yoga Ball,438.03,True,S:\Shows\Bluey\Bluey.S01.COMPLETE.720p.DSNP.WEBRip.x264-GalaxyTV[TGx]\Bluey.S01E16.720p.DSNP.WEBRip.x264-GalaxyTV.mkv,Bluey.S01E16.720p.DSNP.WEBRip.x264-GalaxyTV.mkv,
1,17,Calypso,438.03,True,S:\Shows\Bluey\Bluey.S01.COMPLETE.720p.DSNP.WEBRip.x264-GalaxyTV[TGx]\Bluey.S01E17.720p.DSNP.WEBRip.x264-GalaxyTV.mkv,Bluey.S01E17.720p.DSNP.WEBRip.x264-GalaxyTV.mkv,
1,18,The Doctor,438.03,True,S:\Shows\Bluey\Bluey.S01.COMPLETE.720p.DSNP.WEBRip.x264-GalaxyTV[TGx]\Bluey.S01E18.720p.DSNP.WEBRip.x264-GalaxyTV.mkv,Bluey.S01E18.720p.DSNP.WEBRip.x264-GalaxyTV.mkv,
1,19,The Claw,438.03,True,S:\Shows\Bluey\Bluey.S01.COMPLETE.720p.DSNP.WEBRip.x264-GalaxyTV[TGx]\Bluey.S01E19.720p.DSNP.WEBRip.x264-GalaxyTV.mkv,Bluey.S01E19.720p.DSNP.WEBRip.x264-GalaxyTV.mkv,
1,20,Markets,427.18,True,S:\Shows\Bluey\Bluey.S01.COMPLETE.720p.DSNP.WEBRip.x264-GalaxyTV[TGx]\Bluey.S01E20.720p.DSNP.WEBRip.x264-GalaxyTV.mkv,Bluey.S01E20.720p.DSNP.WEBRip.x264-GalaxyTV.mkv,
1,21,the Blue Mountains,438.03,True,S:\Shows\Bluey\Bluey.S01.COMPLETE.720p.DSNP.WEBRip.x264-GalaxyTV[TGx]\Bluey.S01E21.720p.DSNP.WEBRip.x264-GalaxyTV.mkv,Bluey.S01E21.720p.DSNP.WEBRip.x264-GalaxyTV.mkv,
1,22,The Pool,438.03,True,S:\Shows\Bluey\Bluey.S01.COMPLETE.720p.DSNP.WEBRip.x264-GalaxyTV[TGx]\Bluey.S01E22.720p.DSNP.WEBRip.x264-GalaxyTV.mkv,Bluey.S01E22.720p.DSNP.WEBRip.x264-GalaxyTV.mkv,
1,23,Shops,438.03,True,S:\Shows\Bluey\Bluey.S01.COMPLETE.720p.DSNP.WEBRip.x264-GalaxyTV[TGx]\Bluey.S01E23.720p.DSNP.WEBRip.x264-GalaxyTV.mkv,Bluey.S01E23.720p.DSNP.WEBRip.x264-GalaxyTV.mkv,
1,24,Wagon Ride,438.03,True,S:\Shows\Bluey\Bluey.S01.COMPLETE.720p.DSNP.WEBRip.x264-GalaxyTV[TGx]\Bluey.S01E24.720p.DSNP.WEBRip.x264-GalaxyTV.mkv,Bluey.S01E24.720p.DSNP.WEBRip.x264-GalaxyTV.mkv,
1,25,Taxi,438.03,True,S:\Shows\Bluey\Bluey.S01.COMPLETE.720p.DSNP.WEBRip.x264-GalaxyTV[TGx]\Bluey.S01E25.720p.DSNP.WEBRip.x264-GalaxyTV.mkv,Bluey.S01E25.720p.DSNP.WEBRip.x264-GalaxyTV.mkv,
1,26,The Beach,438.03,True,S:\Shows\Bluey\Bluey.S01.COMPLETE.720p.DSNP.WEBRip.x264-GalaxyTV[TGx]\Bluey.S01E26.720p.DSNP.WEBRip.x264-GalaxyTV.mkv,Bluey.S01E26.720p.DSNP.WEBRip.x264-GalaxyTV.mkv,
1,27,Pirates,438.03,True,S:\Shows\Bluey\Bluey.S01.COMPLETE.720p.DSNP.WEBRip.x264-GalaxyTV[TGx]\Bluey.S01E27.720p.DSNP.WEBRip.x264-GalaxyTV.mkv,Bluey.S01E27.720p.DSNP.WEBRip.x264-GalaxyTV.mkv,
1,28,Grannies,438.03,True,S:\Shows\Bluey\Bluey.S01.COMPLETE.720p.DSNP.WEBRip.x264-GalaxyTV[TGx]\Bluey.S01E28.720p.DSNP.WEBRip.x264-GalaxyTV.mkv,Bluey.S01E28.720p.DSNP.WEBRip.x264-GalaxyTV.mkv,
1,29,The Creek,438.03,True,S:\Shows\Bluey\Bluey.S01.COMPLETE.720p.DSNP.WEBRip.x264-GalaxyTV[TGx]\Bluey.S01E29.720p.DSNP.WEBRip.x264-GalaxyTV.mkv,Bluey.S01E29.720p.DSNP.WEBRip.x264-GalaxyTV.mkv,
1,30,Fairies,438.03,True,S:\Shows\Bluey\Bluey.S01.COMPLETE.720p.DSNP.WEBRip.x264-GalaxyTV[TGx]\Bluey.S01E30.720p.DSNP.WEBRip.x264-GalaxyTV.mkv,Bluey.S01E30.720p.DSNP.WEBRip.x264-GalaxyTV.mkv,
1,31,Work,438.03,True,S:\Shows\Bluey\Bluey.S01.COMPLETE.720p.DSNP.WEBRip.x264-GalaxyTV[TGx]\Bluey.S01E31.720p.DSNP.WEBRip.x264-GalaxyTV.mkv,Bluey.S01E31.720p.DSNP.WEBRip.x264-GalaxyTV.mkv,
1,32,,438.03,True,S:\Shows\Bluey\Bluey.S01.COMPLETE.720p.DSNP.WEBRip.x264-GalaxyTV[TGx]\Bluey.S01E32.720p.DSNP.WEBRip.x264-GalaxyTV.mkv,Bluey.S01E32.720p.DSNP.WEBRip.x264-GalaxyTV.mkv,
1,33,Trampoline,438.03,True,S:\Shows\Bluey\Bluey.S01.COMPLETE.720p.DSNP.WEBRip.x264-GalaxyTV[TGx]\Bluey.S01E33.720p.DSNP.WEBRip.x264-GalaxyTV.mkv,Bluey.S01E33.720p.DSNP.WEBRip.x264-GalaxyTV.mkv,
1,34,The Dump,438.03,True,S:\Shows\Bluey\Bluey.S01.COMPLETE.720p.DSNP.WEBRip.x264-GalaxyTV[TGx]\Bluey.S01E34.720p.DSNP.WEBRip.x264-GalaxyTV.mkv,Bluey.S01E34.720p.DSNP.WEBRip.x264-GalaxyTV.mkv,
1,35,Zoo,438.03,True,S:\Shows\Bluey\Bluey.S01.COMPLETE.720p.DSNP.WEBRip.x264-GalaxyTV[TGx]\Bluey.S01E35.720p.DSNP.WEBRip.x264-GalaxyTV.mkv,Bluey.S01E35.720p.DSNP.WEBRip.x264-GalaxyTV.mkv,
1,36,Backpackers,438.03,True,S:\Shows\Bluey\Bluey.S01.COMPLETE.720p.DSNP.WEBRip.x264-GalaxyTV[TGx]\Bluey.S01E36.720p.DSNP.WEBRip.x264-GalaxyTV.mkv,Bluey.S01E36.720p.DSNP.WEBRip.x264-GalaxyTV.mkv,
1,37,The Adventure,438.03,True,S:\Shows\Bluey\Bluey.S01.COMPLETE.720p.DSNP.WEBRip.x264-GalaxyTV[TGx]\Bluey.S01E37.720p.DSNP.WEBRip.x264-GalaxyTV.mkv,Bluey.S01E37.720p.DSNP.WEBRip.x264-GalaxyTV.mkv,
1,38,Copycat,438.03,True,S:\Shows\Bluey\Bluey.S01.COMPLETE.720p.DSNP.WEBRip.x264-GalaxyTV[TGx]\Bluey.S01E38.720p.DSNP.WEBRip.x264-GalaxyTV.mkv,Bluey.S01E38.720p.DSNP.WEBRip.x264-GalaxyTV.mkv,
1,39,The Sleepover,438.03,True,S:\Shows\Bluey\Bluey.S01.COMPLETE.720p.DSNP.WEBRip.x264-GalaxyTV[TGx]\Bluey.S01E39.720p.DSNP.WEBRip.x264-GalaxyTV.mkv,Bluey.S01E39.720p.DSNP.WEBRip.x264-GalaxyTV.mkv,
1,40,Early Baby,438.03,True,S:\Shows\Bluey\Bluey.S01.COMPLETE.720p.DSNP.WEBRip.x264-GalaxyTV[TGx]\Bluey.S01E40.720p.DSNP.WEBRip.x264-GalaxyTV.mkv,Bluey.S01E40.720p.DSNP.WEBRip.x264-GalaxyTV.mkv,
1,41,Mums and Dads,438.03,True,S:\Shows\Bluey\Bluey.S01.COMPLETE.720p.DSNP.WEBRip.x264-GalaxyTV[TGx]\Bluey.S01E41.720p.DSNP.WEBRip.x264-GalaxyTV.mkv,Bluey.S01E41.720p.DSNP.WEBRip.x264-GalaxyTV.mkv,
1,42,Hide and Seek,438.03,True,S:\Shows\Bluey\Bluey.S01.COMPLETE.720p.DSNP.WEBRip.x264-GalaxyTV[TGx]\Bluey.S01E42.720p.DSNP.WEBRip.x264-GalaxyTV.mkv,Bluey.S01E42.720p.DSNP.WEBRip.x264-GalaxyTV.mkv,
1,43,Camping,438.03,True,S:\Shows\Bluey\Bluey.S01.COMPLETE.720p.DSNP.WEBRip.x264-GalaxyTV[TGx]\Bluey.S01E43.720p.DSNP.WEBRip.x264-GalaxyTV.mkv,Bluey.S01E43.720p.DSNP.WEBRip.x264-GalaxyTV.mkv,
1,44,Mount Mumandad,438.03,True,S:\Shows\Bluey\Bluey.S01.COMPLETE.720p.DSNP.WEBRip.x264-GalaxyTV[TGx]\Bluey.S01E44.720p.DSNP.WEBRip.x264-GalaxyTV.mkv,Bluey.S01E44.720p.DSNP.WEBRip.x264-GalaxyTV.mkv,
1,45,Kids,438.03,True,S:\Shows\Bluey\Bluey.S01.COMPLETE.720p.DSNP.WEBRip.x264-GalaxyTV[TGx]\Bluey.S01E45.720p.DSNP.WEBRip.x264-GalaxyTV.mkv,Bluey.S01E45.720p.DSNP.WEBRip.x264-GalaxyTV.mkv,
1,46,Chickenrat,438.03,True,S:\Shows\Bluey\Bluey.S01.COMPLETE.720p.DSNP.WEBRip.x264-GalaxyTV[TGx]\Bluey.S01E46.720p.DSNP.WEBRip.x264-GalaxyTV.mkv,Bluey.S01E46.720p.DSNP.WEBRip.x264-GalaxyTV.mkv,
1,47,Neighbours,438.03,True,S:\Shows\Bluey\Bluey.S01.COMPLETE.720p.DSNP.WEBRip.x264-GalaxyTV[TGx]\Bluey.S01E47.720p.DSNP.WEBRip.x264-GalaxyTV.mkv,Bluey.S01E47.720p.DSNP.WEBRip.x264-GalaxyTV.mkv,
1,48,,420.04,False,S:\Shows\Bluey\Bluey.S01.COMPLETE.720p.DSNP.WEBRip.x264-GalaxyTV[TGx]\Bluey.S01E48.720p.DSNP.WEBRip.x264-GalaxyTV.mkv,Bluey.S01E48.720p.DSNP.WEBRip.x264-GalaxyTV.mkv,ffmpeg exit 4294967274
1,49,Asparagus,438.03,True,S:\Shows\Bluey\Bluey.S01.COMPLETE.720p.DSNP.WEBRip.x264-GalaxyTV[TGx]\Bluey.S01E49.720p.DSNP.WEBRip.x264-GalaxyTV.mkv,Bluey.S01E49.720p.DSNP.WEBRip.x264-GalaxyTV.mkv,
1,50,Shaun,438.03,True,S:\Shows\Bluey\Bluey.S01.COMPLETE.720p.DSNP.WEBRip.x264-GalaxyTV[TGx]\Bluey.S01E50.720p.DSNP.WEBRip.x264-GalaxyTV.mkv,Bluey.S01E50.720p.DSNP.WEBRip.x264-GalaxyTV.mkv,
1,51,Daddy Putdown,428.04,True,S:\Shows\Bluey\Bluey.S01.COMPLETE.720p.DSNP.WEBRip.x264-GalaxyTV[TGx]\Bluey.S01E51.720p.DSNP.WEBRip.x264-GalaxyTV.mkv,Bluey.S01E51.720p.DSNP.WEBRip.x264-GalaxyTV.mkv,
1,52,Verandah Santa,438.03,True,S:\Shows\Bluey\Bluey.S01.COMPLETE.720p.DSNP.WEBRip.x264-GalaxyTV[TGx]\Bluey.S01E52.720p.DSNP.WEBRip.x264-GalaxyTV.mkv,Bluey.S01E52.720p.DSNP.WEBRip.x264-GalaxyTV.mkv,
2,1,Dance Mode,438.03,True,S:\Shows\Bluey\Bluey.S02.COMPLETE.720p.DSNP.WEBRip.x264-GalaxyTV[TGx]\Bluey.S02E01.720p.DSNP.WEBRip.x264-GalaxyTV.mkv,Bluey.S02E01.720p.DSNP.WEBRip.x264-GalaxyTV.mkv,
2,2,Hammerbarn,438.03,True,S:\Shows\Bluey\Bluey.S02.COMPLETE.720p.DSNP.WEBRip.x264-GalaxyTV[TGx]\Bluey.S02E02.720p.DSNP.WEBRip.x264-GalaxyTV.mkv,Bluey.S02E02.720p.DSNP.WEBRip.x264-GalaxyTV.mkv,
2,3,Feather-wand,438.03,True,S:\Shows\Bluey\Bluey.S02.COMPLETE.720p.DSNP.WEBRip.x264-GalaxyTV[TGx]\Bluey.S02E03.720p.DSNP.WEBRip.x264-GalaxyTV.mkv,Bluey.S02E03.720p.DSNP.WEBRip.x264-GalaxyTV.mkv,
2,4,Squash,438.03,True,S:\Shows\Bluey\Bluey.S02.COMPLETE.720p.DSNP.WEBRip.x264-GalaxyTV[TGx]\Bluey.S02E04.720p.DSNP.WEBRip.x264-GalaxyTV.mkv,Bluey.S02E04.720p.DSNP.WEBRip.x264-GalaxyTV.mkv,
2,5,Hairdressers,438.03,True,S:\Shows\Bluey\Bluey.S02.COMPLETE.720p.DSNP.WEBRip.x264-GalaxyTV[TGx]\Bluey.S02E05.720p.DSNP.WEBRip.x264-GalaxyTV.mkv,Bluey.S02E05.720p.DSNP.WEBRip.x264-GalaxyTV.mkv,
2,6,Stumpfest,438.03,True,S:\Shows\Bluey\Bluey.S02.COMPLETE.720p.DSNP.WEBRip.x264-GalaxyTV[TGx]\Bluey.S02E06.720p.DSNP.WEBRip.x264-GalaxyTV.mkv,Bluey.S02E06.720p.DSNP.WEBRip.x264-GalaxyTV.mkv,
2,7,Favorite Thing,438.03,True,S:\Shows\Bluey\Bluey.S02.COMPLETE.720p.DSNP.WEBRip.x264-GalaxyTV[TGx]\Bluey.S02E07.720p.DSNP.WEBRip.x264-GalaxyTV.mkv,Bluey.S02E07.720p.DSNP.WEBRip.x264-GalaxyTV.mkv,
2,8,Daddy Drop-Off,438.03,True,S:\Shows\Bluey\Bluey.S02.COMPLETE.720p.DSNP.WEBRip.x264-GalaxyTV[TGx]\Bluey.S02E08.720p.DSNP.WEBRip.x264-GalaxyTV.mkv,Bluey.S02E08.720p.DSNP.WEBRip.x264-GalaxyTV.mkv,
2,9,,438.03,True,S:\Shows\Bluey\Bluey.S02.COMPLETE.720p.DSNP.WEBRip.x264-GalaxyTV[TGx]\Bluey.S02E09.720p.DSNP.WEBRip.x264-GalaxyTV.mkv,Bluey.S02E09.720p.DSNP.WEBRip.x264-GalaxyTV.mkv,
2,10,Rug Island,438.03,True,S:\Shows\Bluey\Bluey.S02.COMPLETE.720p.DSNP.WEBRip.x264-GalaxyTV[TGx]\Bluey.S02E10.720p.DSNP.WEBRip.x264-GalaxyTV.mkv,Bluey.S02E10.720p.DSNP.WEBRip.x264-GalaxyTV.mkv,
2,11,Charades,438.03,True,S:\Shows\Bluey\Bluey.S02.COMPLETE.720p.DSNP.WEBRip.x264-GalaxyTV[TGx]\Bluey.S02E11.720p.DSNP.WEBRip.x264-GalaxyTV.mkv,Bluey.S02E11.720p.DSNP.WEBRip.x264-GalaxyTV.mkv,
2,12,Sticky Gecko,438.03,True,S:\Shows\Bluey\Bluey.S02.COMPLETE.720p.DSNP.WEBRip.x264-GalaxyTV[TGx]\Bluey.S02E12.720p.DSNP.WEBRip.x264-GalaxyTV.mkv,Bluey.S02E12.720p.DSNP.WEBRip.x264-GalaxyTV.mkv,
2,13,Dad Baby,420.13,True,S:\Shows\Bluey\Bluey.S02.COMPLETE.720p.DSNP.WEBRip.x264-GalaxyTV[TGx]\Bluey.S02E13.720p.DSNP.WEBRip.x264-GalaxyTV.mkv,Bluey.S02E13.720p.DSNP.WEBRip.x264-GalaxyTV.mkv,
2,14,Mum School,438.03,True,S:\Shows\Bluey\Bluey.S02.COMPLETE.720p.DSNP.WEBRip.x264-GalaxyTV[TGx]\Bluey.S02E14.720p.DSNP.WEBRip.x264-GalaxyTV.mkv,Bluey.S02E14.720p.DSNP.WEBRip.x264-GalaxyTV.mkv,
2,15,Trains,438.03,True,S:\Shows\Bluey\Bluey.S02.COMPLETE.720p.DSNP.WEBRip.x264-GalaxyTV[TGx]\Bluey.S02E15.720p.DSNP.WEBRip.x264-GalaxyTV.mkv,Bluey.S02E15.720p.DSNP.WEBRip.x264-GalaxyTV.mkv,
2,16,Army,438.03,True,S:\Shows\Bluey\Bluey.S02.COMPLETE.720p.DSNP.WEBRip.x264-GalaxyTV[TGx]\Bluey.S02E16.720p.DSNP.WEBRip.x264-GalaxyTV.mkv,Bluey.S02E16.720p.DSNP.WEBRip.x264-GalaxyTV.mkv,
2,17,Fancy Restaurant,438.03,True,S:\Shows\Bluey\Bluey.S02.COMPLETE.720p.DSNP.WEBRip.x264-GalaxyTV[TGx]\Bluey.S02E17.720p.DSNP.WEBRip.x264-GalaxyTV.mkv,Bluey.S02E17.720p.DSNP.WEBRip.x264-GalaxyTV.mkv,
2,18,Piggyback,438.03,True,S:\Shows\Bluey\Bluey.S02.COMPLETE.720p.DSNP.WEBRip.x264-GalaxyTV[TGx]\Bluey.S02E18.720p.DSNP.WEBRip.x264-GalaxyTV.mkv,Bluey.S02E18.720p.DSNP.WEBRip.x264-GalaxyTV.mkv,
2,19,The Show,438.03,True,S:\Shows\Bluey\Bluey.S02.COMPLETE.720p.DSNP.WEBRip.x264-GalaxyTV[TGx]\Bluey.S02E19.720p.DSNP.WEBRip.x264-GalaxyTV.mkv,Bluey.S02E19.720p.DSNP.WEBRip.x264-GalaxyTV.mkv,
2,20,"Tickle"" Unhunh, no way",438.03,True,S:\Shows\Bluey\Bluey.S02.COMPLETE.720p.DSNP.WEBRip.x264-GalaxyTV[TGx]\Bluey.S02E20.720p.DSNP.WEBRip.x264-GalaxyTV.mkv,Bluey.S02E20.720p.DSNP.WEBRip.x264-GalaxyTV.mkv,
2,21,Escape,438.03,True,S:\Shows\Bluey\Bluey.S02.COMPLETE.720p.DSNP.WEBRip.x264-GalaxyTV[TGx]\Bluey.S02E21.720p.DSNP.WEBRip.x264-GalaxyTV.mkv,Bluey.S02E21.720p.DSNP.WEBRip.x264-GalaxyTV.mkv,
2,22,I Forget,438.03,True,S:\Shows\Bluey\Bluey.S02.COMPLETE.720p.DSNP.WEBRip.x264-GalaxyTV[TGx]\Bluey.S02E22.720p.DSNP.WEBRip.x264-GalaxyTV.mkv,Bluey.S02E22.720p.DSNP.WEBRip.x264-GalaxyTV.mkv,
2,23,Queens,438.03,True,S:\Shows\Bluey\Bluey.S02.COMPLETE.720p.DSNP.WEBRip.x264-GalaxyTV[TGx]\Bluey.S02E23.720p.DSNP.WEBRip.x264-GalaxyTV.mkv,Bluey.S02E23.720p.DSNP.WEBRip.x264-GalaxyTV.mkv,
2,24,Flat Pack,438.03,True,S:\Shows\Bluey\Bluey.S02.COMPLETE.720p.DSNP.WEBRip.x264-GalaxyTV[TGx]\Bluey.S02E24.720p.DSNP.WEBRip.x264-GalaxyTV.mkv,Bluey.S02E24.720p.DSNP.WEBRip.x264-GalaxyTV.mkv,
2,25,Helicopter,440.01,True,S:\Shows\Bluey\Bluey.S02.COMPLETE.720p.DSNP.WEBRip.x264-GalaxyTV[TGx]\Bluey.S02E25.720p.DSNP.WEBRip.x264-GalaxyTV.mkv,Bluey.S02E25.720p.DSNP.WEBRip.x264-GalaxyTV.mkv,
2,26,Sleepy-time,469.32,True,S:\Shows\Bluey\Bluey.S02.COMPLETE.720p.DSNP.WEBRip.x264-GalaxyTV[TGx]\Bluey.S02E26.720p.DSNP.WEBRip.x264-GalaxyTV.mkv,Bluey.S02E26.720p.DSNP.WEBRip.x264-GalaxyTV.mkv,
2,27,Grandad,438.09,True,S:\Shows\Bluey\Bluey.S02.COMPLETE.720p.DSNP.WEBRip.x264-GalaxyTV[TGx]\Bluey.S02E27.720p.DSNP.WEBRip.x264-GalaxyTV.mkv,Bluey.S02E27.720p.DSNP.WEBRip.x264-GalaxyTV.mkv,
2,28,Seesaw,440.01,True,S:\Shows\Bluey\Bluey.S02.COMPLETE.720p.DSNP.WEBRip.x264-GalaxyTV[TGx]\Bluey.S02E28.720p.DSNP.WEBRip.x264-GalaxyTV.mkv,Bluey.S02E28.720p.DSNP.WEBRip.x264-GalaxyTV.mkv,
2,29,Movies,440.01,True,S:\Shows\Bluey\Bluey.S02.COMPLETE.720p.DSNP.WEBRip.x264-GalaxyTV[TGx]\Bluey.S02E29.720p.DSNP.WEBRip.x264-GalaxyTV.mkv,Bluey.S02E29.720p.DSNP.WEBRip.x264-GalaxyTV.mkv,
2,30,Library,438.99,True,S:\Shows\Bluey\Bluey.S02.COMPLETE.720p.DSNP.WEBRip.x264-GalaxyTV[TGx]\Bluey.S02E30.720p.DSNP.WEBRip.x264-GalaxyTV.mkv,Bluey.S02E30.720p.DSNP.WEBRip.x264-GalaxyTV.mkv,
2,31,Barky Boats,440.01,True,S:\Shows\Bluey\Bluey.S02.COMPLETE.720p.DSNP.WEBRip.x264-GalaxyTV[TGx]\Bluey.S02E31.720p.DSNP.WEBRip.x264-GalaxyTV.mkv,Bluey.S02E31.720p.DSNP.WEBRip.x264-GalaxyTV.mkv,
2,32,Burger Shop,440.01,True,S:\Shows\Bluey\Bluey.S02.COMPLETE.720p.DSNP.WEBRip.x264-GalaxyTV[TGx]\Bluey.S02E32.720p.DSNP.WEBRip.x264-GalaxyTV.mkv,Bluey.S02E32.720p.DSNP.WEBRip.x264-GalaxyTV.mkv,
2,33,Circus,440.04,True,S:\Shows\Bluey\Bluey.S02.COMPLETE.720p.DSNP.WEBRip.x264-GalaxyTV[TGx]\Bluey.S02E33.720p.DSNP.WEBRip.x264-GalaxyTV.mkv,Bluey.S02E33.720p.DSNP.WEBRip.x264-GalaxyTV.mkv,
2,34,Swim School,438.99,True,S:\Shows\Bluey\Bluey.S02.COMPLETE.720p.DSNP.WEBRip.x264-GalaxyTV[TGx]\Bluey.S02E34.720p.DSNP.WEBRip.x264-GalaxyTV.mkv,Bluey.S02E34.720p.DSNP.WEBRip.x264-GalaxyTV.mkv,
2,35,Café,438.09,True,S:\Shows\Bluey\Bluey.S02.COMPLETE.720p.DSNP.WEBRip.x264-GalaxyTV[TGx]\Bluey.S02E35.720p.DSNP.WEBRip.x264-GalaxyTV.mkv,Bluey.S02E35.720p.DSNP.WEBRip.x264-GalaxyTV.mkv,
2,36,Postman,438.09,True,S:\Shows\Bluey\Bluey.S02.COMPLETE.720p.DSNP.WEBRip.x264-GalaxyTV[TGx]\Bluey.S02E36.720p.DSNP.WEBRip.x264-GalaxyTV.mkv,Bluey.S02E36.720p.DSNP.WEBRip.x264-GalaxyTV.mkv,
2,37,The Quiet Game,438.09,True,S:\Shows\Bluey\Bluey.S02.COMPLETE.720p.DSNP.WEBRip.x264-GalaxyTV[TGx]\Bluey.S02E37.720p.DSNP.WEBRip.x264-GalaxyTV.mkv,Bluey.S02E37.720p.DSNP.WEBRip.x264-GalaxyTV.mkv,
2,38,Mr,440.01,True,S:\Shows\Bluey\Bluey.S02.COMPLETE.720p.DSNP.WEBRip.x264-GalaxyTV[TGx]\Bluey.S02E38.720p.DSNP.WEBRip.x264-GalaxyTV.mkv,Bluey.S02E38.720p.DSNP.WEBRip.x264-GalaxyTV.mkv,
2,39,Double Babysitter,438.09,True,S:\Shows\Bluey\Bluey.S02.COMPLETE.720p.DSNP.WEBRip.x264-GalaxyTV[TGx]\Bluey.S02E39.720p.DSNP.WEBRip.x264-GalaxyTV.mkv,Bluey.S02E39.720p.DSNP.WEBRip.x264-GalaxyTV.mkv,
2,40,Bad Mood,438.09,True,S:\Shows\Bluey\Bluey.S02.COMPLETE.720p.DSNP.WEBRip.x264-GalaxyTV[TGx]\Bluey.S02E40.720p.DSNP.WEBRip.x264-GalaxyTV.mkv,Bluey.S02E40.720p.DSNP.WEBRip.x264-GalaxyTV.mkv,
2,41,Octopus,440.01,True,S:\Shows\Bluey\Bluey.S02.COMPLETE.720p.DSNP.WEBRip.x264-GalaxyTV[TGx]\Bluey.S02E41.720p.DSNP.WEBRip.x264-GalaxyTV.mkv,Bluey.S02E41.720p.DSNP.WEBRip.x264-GalaxyTV.mkv,
2,42,Bin Night,438.09,True,S:\Shows\Bluey\Bluey.S02.COMPLETE.720p.DSNP.WEBRip.x264-GalaxyTV[TGx]\Bluey.S02E42.720p.DSNP.WEBRip.x264-GalaxyTV.mkv,Bluey.S02E42.720p.DSNP.WEBRip.x264-GalaxyTV.mkv,
2,43,Muffin Cone,440.01,True,S:\Shows\Bluey\Bluey.S02.COMPLETE.720p.DSNP.WEBRip.x264-GalaxyTV[TGx]\Bluey.S02E43.720p.DSNP.WEBRip.x264-GalaxyTV.mkv,Bluey.S02E43.720p.DSNP.WEBRip.x264-GalaxyTV.mkv,
2,44,Duck Cake,440.01,True,S:\Shows\Bluey\Bluey.S02.COMPLETE.720p.DSNP.WEBRip.x264-GalaxyTV[TGx]\Bluey.S02E44.720p.DSNP.WEBRip.x264-GalaxyTV.mkv,Bluey.S02E44.720p.DSNP.WEBRip.x264-GalaxyTV.mkv,
2,45,,440.01,True,S:\Shows\Bluey\Bluey.S02.COMPLETE.720p.DSNP.WEBRip.x264-GalaxyTV[TGx]\Bluey.S02E45.720p.DSNP.WEBRip.x264-GalaxyTV.mkv,Bluey.S02E45.720p.DSNP.WEBRip.x264-GalaxyTV.mkv,
2,46,Road Trip,440.01,True,S:\Shows\Bluey\Bluey.S02.COMPLETE.720p.DSNP.WEBRip.x264-GalaxyTV[TGx]\Bluey.S02E46.720p.DSNP.WEBRip.x264-GalaxyTV.mkv,Bluey.S02E46.720p.DSNP.WEBRip.x264-GalaxyTV.mkv,
2,47,Ice Cream,438.09,True,S:\Shows\Bluey\Bluey.S02.COMPLETE.720p.DSNP.WEBRip.x264-GalaxyTV[TGx]\Bluey.S02E47.720p.DSNP.WEBRip.x264-GalaxyTV.mkv,Bluey.S02E47.720p.DSNP.WEBRip.x264-GalaxyTV.mkv,
2,48,Dunny,440.01,True,S:\Shows\Bluey\Bluey.S02.COMPLETE.720p.DSNP.WEBRip.x264-GalaxyTV[TGx]\Bluey.S02E48.720p.DSNP.WEBRip.x264-GalaxyTV.mkv,Bluey.S02E48.720p.DSNP.WEBRip.x264-GalaxyTV.mkv,
2,49,Typewriter,440.01,True,S:\Shows\Bluey\Bluey.S02.COMPLETE.720p.DSNP.WEBRip.x264-GalaxyTV[TGx]\Bluey.S02E49.720p.DSNP.WEBRip.x264-GalaxyTV.mkv,Bluey.S02E49.720p.DSNP.WEBRip.x264-GalaxyTV.mkv,
2,50,Baby Race,440.01,True,S:\Shows\Bluey\Bluey.S02.COMPLETE.720p.DSNP.WEBRip.x264-GalaxyTV[TGx]\Bluey.S02E50.720p.DSNP.WEBRip.x264-GalaxyTV.mkv,Bluey.S02E50.720p.DSNP.WEBRip.x264-GalaxyTV.mkv,
2,51,Christmas Swim,438.09,True,S:\Shows\Bluey\Bluey.S02.COMPLETE.720p.DSNP.WEBRip.x264-GalaxyTV[TGx]\Bluey.S02E51.720p.DSNP.WEBRip.x264-GalaxyTV.mkv,Bluey.S02E51.720p.DSNP.WEBRip.x264-GalaxyTV.mkv,
2,52,Easter,440.01,True,S:\Shows\Bluey\Bluey.S02.COMPLETE.720p.DSNP.WEBRip.x264-GalaxyTV[TGx]\Bluey.S02E52.720p.DSNP.WEBRip.x264-GalaxyTV.mkv,Bluey.S02E52.720p.DSNP.WEBRip.x264-GalaxyTV.mkv,
3,1,Perfect,440.01,True,S:\Shows\Bluey\Bluey.S03.COMPLETE.720p.WEBRip.x264-GalaxyTV[TGx]\Bluey.S03E01.720p.WEBRip.x264-GalaxyTV.mkv,Bluey.S03E01.720p.WEBRip.x264-GalaxyTV.mkv,
3,2,Bedroom,440.01,True,S:\Shows\Bluey\Bluey.S03.COMPLETE.720p.WEBRip.x264-GalaxyTV[TGx]\Bluey.S03E02.720p.WEBRip.x264-GalaxyTV.mkv,Bluey.S03E02.720p.WEBRip.x264-GalaxyTV.mkv,
3,3,Obstacle Course,440.01,True,S:\Shows\Bluey\Bluey.S03.COMPLETE.720p.WEBRip.x264-GalaxyTV[TGx]\Bluey.S03E03.720p.WEBRip.x264-GalaxyTV.mkv,Bluey.S03E03.720p.WEBRip.x264-GalaxyTV.mkv,
3,4,Promises,440.01,True,S:\Shows\Bluey\Bluey.S03.COMPLETE.720p.WEBRip.x264-GalaxyTV[TGx]\Bluey.S03E04.720p.WEBRip.x264-GalaxyTV.mkv,Bluey.S03E04.720p.WEBRip.x264-GalaxyTV.mkv,
3,5,Omelet,440.01,True,S:\Shows\Bluey\Bluey.S03.COMPLETE.720p.WEBRip.x264-GalaxyTV[TGx]\Bluey.S03E05.720p.WEBRip.x264-GalaxyTV.mkv,Bluey.S03E05.720p.WEBRip.x264-GalaxyTV.mkv,
3,6,Born Yesterday,438.03,True,S:\Shows\Bluey\Bluey.S03.COMPLETE.720p.WEBRip.x264-GalaxyTV[TGx]\Bluey.S03E06.720p.WEBRip.x264-GalaxyTV.mkv,Bluey.S03E06.720p.WEBRip.x264-GalaxyTV.mkv,
3,7,Mini Bluey,435.37,True,S:\Shows\Bluey\Bluey.S03.COMPLETE.720p.WEBRip.x264-GalaxyTV[TGx]\Bluey.S03E07.720p.WEBRip.x264-GalaxyTV.mkv,Bluey.S03E07.720p.WEBRip.x264-GalaxyTV.mkv,
3,8,,440.01,True,S:\Shows\Bluey\Bluey.S03.COMPLETE.720p.WEBRip.x264-GalaxyTV[TGx]\Bluey.S03E08.720p.WEBRip.x264-GalaxyTV.mkv,Bluey.S03E08.720p.WEBRip.x264-GalaxyTV.mkv,
3,9,Curry Quest,440.01,True,S:\Shows\Bluey\Bluey.S03.COMPLETE.720p.WEBRip.x264-GalaxyTV[TGx]\Bluey.S03E09.720p.WEBRip.x264-GalaxyTV.mkv,Bluey.S03E09.720p.WEBRip.x264-GalaxyTV.mkv,
3,10,Magic,440.01,True,S:\Shows\Bluey\Bluey.S03.COMPLETE.720p.WEBRip.x264-GalaxyTV[TGx]\Bluey.S03E10.720p.WEBRip.x264-GalaxyTV.mkv,Bluey.S03E10.720p.WEBRip.x264-GalaxyTV.mkv,
3,11,Chest,440.01,True,S:\Shows\Bluey\Bluey.S03.COMPLETE.720p.WEBRip.x264-GalaxyTV[TGx]\Bluey.S03E11.720p.WEBRip.x264-GalaxyTV.mkv,Bluey.S03E11.720p.WEBRip.x264-GalaxyTV.mkv,
3,12,Sheepdog,440.01,True,S:\Shows\Bluey\Bluey.S03.COMPLETE.720p.WEBRip.x264-GalaxyTV[TGx]\Bluey.S03E12.720p.WEBRip.x264-GalaxyTV.mkv,Bluey.S03E12.720p.WEBRip.x264-GalaxyTV.mkv,
3,13,Housework,422.09,True,S:\Shows\Bluey\Bluey.S03.COMPLETE.720p.WEBRip.x264-GalaxyTV[TGx]\Bluey.S03E13.720p.WEBRip.x264-GalaxyTV.mkv,Bluey.S03E13.720p.WEBRip.x264-GalaxyTV.mkv,
3,14,Pass The Parcel,502.57,True,S:\Shows\Bluey\Bluey.S03.COMPLETE.720p.WEBRip.x264-GalaxyTV[TGx]\Bluey.S03E14.720p.WEBRip.x264-GalaxyTV.mkv,Bluey.S03E14.720p.WEBRip.x264-GalaxyTV.mkv,
3,15,Explorers,440.01,True,S:\Shows\Bluey\Bluey.S03.COMPLETE.720p.WEBRip.x264-GalaxyTV[TGx]\Bluey.S03E15.720p.WEBRip.x264-GalaxyTV.mkv,Bluey.S03E15.720p.WEBRip.x264-GalaxyTV.mkv,
3,16,Phones,440.01,True,S:\Shows\Bluey\Bluey.S03.COMPLETE.720p.WEBRip.x264-GalaxyTV[TGx]\Bluey.S03E16.720p.WEBRip.x264-GalaxyTV.mkv,Bluey.S03E16.720p.WEBRip.x264-GalaxyTV.mkv,
3,17,Pavlova,440.01,True,S:\Shows\Bluey\Bluey.S03.COMPLETE.720p.WEBRip.x264-GalaxyTV[TGx]\Bluey.S03E17.720p.WEBRip.x264-GalaxyTV.mkv,Bluey.S03E17.720p.WEBRip.x264-GalaxyTV.mkv,
3,18,,440.01,True,S:\Shows\Bluey\Bluey.S03.COMPLETE.720p.WEBRip.x264-GalaxyTV[TGx]\Bluey.S03E18.720p.WEBRip.x264-GalaxyTV.mkv,Bluey.S03E18.720p.WEBRip.x264-GalaxyTV.mkv,
3,19,Pizza Girls,440.01,True,S:\Shows\Bluey\Bluey.S03.COMPLETE.720p.WEBRip.x264-GalaxyTV[TGx]\Bluey.S03E19.720p.WEBRip.x264-GalaxyTV.mkv,Bluey.S03E19.720p.WEBRip.x264-GalaxyTV.mkv,
3,20,Driving,440.01,True,S:\Shows\Bluey\Bluey.S03.COMPLETE.720p.WEBRip.x264-GalaxyTV[TGx]\Bluey.S03E20.720p.WEBRip.x264-GalaxyTV.mkv,Bluey.S03E20.720p.WEBRip.x264-GalaxyTV.mkv,
3,21,Tina,440.01,True,S:\Shows\Bluey\Bluey.S03.COMPLETE.720p.WEBRip.x264-GalaxyTV[TGx]\Bluey.S03E21.720p.WEBRip.x264-GalaxyTV.mkv,Bluey.S03E21.720p.WEBRip.x264-GalaxyTV.mkv,
3,22,Whale Watching,440.01,True,S:\Shows\Bluey\Bluey.S03.COMPLETE.720p.WEBRip.x264-GalaxyTV[TGx]\Bluey.S03E22.720p.WEBRip.x264-GalaxyTV.mkv,Bluey.S03E22.720p.WEBRip.x264-GalaxyTV.mkv,
3,23,Family Meeting,420.13,True,S:\Shows\Bluey\Bluey.S03.COMPLETE.720p.WEBRip.x264-GalaxyTV[TGx]\Bluey.S03E23.720p.WEBRip.x264-GalaxyTV.mkv,Bluey.S03E23.720p.WEBRip.x264-GalaxyTV.mkv,
3,24,Faceytalk,440.01,True,S:\Shows\Bluey\Bluey.S03.COMPLETE.720p.WEBRip.x264-GalaxyTV[TGx]\Bluey.S03E24.720p.WEBRip.x264-GalaxyTV.mkv,Bluey.S03E24.720p.WEBRip.x264-GalaxyTV.mkv,
3,25,Ragdoll,440.01,True,S:\Shows\Bluey\Bluey.S03.COMPLETE.720p.WEBRip.x264-GalaxyTV[TGx]\Bluey.S03E25.720p.WEBRip.x264-GalaxyTV.mkv,Bluey.S03E25.720p.WEBRip.x264-GalaxyTV.mkv,
3,26,Fairytale,440.01,True,S:\Shows\Bluey\Bluey.S03.COMPLETE.720p.WEBRip.x264-GalaxyTV[TGx]\Bluey.S03E26.720p.WEBRip.x264-GalaxyTV.mkv,Bluey.S03E26.720p.WEBRip.x264-GalaxyTV.mkv,
3,27,Musical Statues,420.13,True,S:\Shows\Bluey\Bluey.S03.COMPLETE.720p.WEBRip.x264-GalaxyTV[TGx]\Bluey.S03E27.720p.WEBRip.x264-GalaxyTV.mkv,Bluey.S03E27.720p.WEBRip.x264-GalaxyTV.mkv,
3,28,Stories,420.13,True,S:\Shows\Bluey\Bluey.S03.COMPLETE.720p.WEBRip.x264-GalaxyTV[TGx]\Bluey.S03E28.720p.WEBRip.x264-GalaxyTV.mkv,Bluey.S03E28.720p.WEBRip.x264-GalaxyTV.mkv,
3,29,,420.13,True,S:\Shows\Bluey\Bluey.S03.COMPLETE.720p.WEBRip.x264-GalaxyTV[TGx]\Bluey.S03E29.720p.WEBRip.x264-GalaxyTV.mkv,Bluey.S03E29.720p.WEBRip.x264-GalaxyTV.mkv,
3,30,Turtleboy,420.13,True,S:\Shows\Bluey\Bluey.S03.COMPLETE.720p.WEBRip.x264-GalaxyTV[TGx]\Bluey.S03E30.720p.WEBRip.x264-GalaxyTV.mkv,Bluey.S03E30.720p.WEBRip.x264-GalaxyTV.mkv,
3,31,Onesies,420.13,True,S:\Shows\Bluey\Bluey.S03.COMPLETE.720p.WEBRip.x264-GalaxyTV[TGx]\Bluey.S03E31.720p.WEBRip.x264-GalaxyTV.mkv,Bluey.S03E31.720p.WEBRip.x264-GalaxyTV.mkv,
3,32,Tradies,480.13,True,S:\Shows\Bluey\Bluey.S03.COMPLETE.720p.WEBRip.x264-GalaxyTV[TGx]\Bluey.S03E32.720p.WEBRip.x264-GalaxyTV.mkv,Bluey.S03E32.720p.WEBRip.x264-GalaxyTV.mkv,
3,33,Granny Mobile,420.13,True,S:\Shows\Bluey\Bluey.S03.COMPLETE.720p.WEBRip.x264-GalaxyTV[TGx]\Bluey.S03E33.720p.WEBRip.x264-GalaxyTV.mkv,Bluey.S03E33.720p.WEBRip.x264-GalaxyTV.mkv,
3,34,Space,420.13,True,S:\Shows\Bluey\Bluey.S03.COMPLETE.720p.WEBRip.x264-GalaxyTV[TGx]\Bluey.S03E34.720p.WEBRip.x264-GalaxyTV.mkv,Bluey.S03E34.720p.WEBRip.x264-GalaxyTV.mkv,
3,35,Smoochy Kiss,420.13,True,S:\Shows\Bluey\Bluey.S03.COMPLETE.720p.WEBRip.x264-GalaxyTV[TGx]\Bluey.S03E35.720p.WEBRip.x264-GalaxyTV.mkv,Bluey.S03E35.720p.WEBRip.x264-GalaxyTV.mkv,
3,36,Dirt,420.13,True,S:\Shows\Bluey\Bluey.S03.COMPLETE.720p.WEBRip.x264-GalaxyTV[TGx]\Bluey.S03E36.720p.WEBRip.x264-GalaxyTV.mkv,Bluey.S03E36.720p.WEBRip.x264-GalaxyTV.mkv,
3,37,The Decider,420.13,True,S:\Shows\Bluey\Bluey.S03.COMPLETE.720p.WEBRip.x264-GalaxyTV[TGx]\Bluey.S03E37.720p.WEBRip.x264-GalaxyTV.mkv,Bluey.S03E37.720p.WEBRip.x264-GalaxyTV.mkv,
